"id","affiliation"
0,"ExxonMobil"
1,"Johnson & Johnson"
2,"Enron"
3,"Takata"
4,"Amazon"
5,"Monsanto"
6,"Shell"
7,"Takata"
8,"Google"
9,"Uber"
10,"Equifax"
11,"Halliburton"
12,"Facebook"
13,"Johnson & Johnson"
14,"Facebook"
15,"Coca-Cola"
16,"Johnson & Johnson"
17,"Enron"
18,"Enron"
19,"McDonald's"
20,"Nike"
21,"Shell"
22,"Enron"
23,"Google"
24,"Blackwater"
25,"Volkswagen"
26,"Blackwater"
27,"Coca-Cola"
28,"Google"
29,"McDonald's"
30,"Shell"
31,"Nike"
32,"Philip Morris"
33,"Uber"
34,"Shell"
35,"Facebook"
36,"Johnson & Johnson"
37,"Amazon"
38,"Google"
39,"Yahoo"
40,"Walmart"
41,"Nike"
42,"Philip Morris"
43,"BP"
44,"Nestle"
45,"Uber"
46,"Yahoo"
47,"ExxonMobil"
48,"Nestle"
49,"Facebook"
50,"McDonald's"
51,"Lehman Brothers"
52,"Goldman Sachs"
53,"Nestle"
54,"Johnson & Johnson"
55,"Johnson & Johnson"
56,"Goldman Sachs"
57,"Facebook"
58,"ExxonMobil"
59,"Shell"
60,"Enron"
61,"Nestle"
62,"Halliburton"
63,"Yahoo"
64,"BP"
65,"Facebook"
66,"Coca-Cola"
67,"Halliburton"
68,"Philip Morris"
69,"BP"
70,"Philip Morris"
71,"BP"
72,"Walmart"
73,"Walmart"
74,"Takata"
75,"Google"
76,"Yahoo"
77,"Shell"
78,"Coca-Cola"
79,"Johnson & Johnson"
80,"Blackwater"
81,"Walmart"
82,"Coca-Cola"
83,"Blackwater"
84,"Takata"
85,"Halliburton"
86,"Uber"
87,"Goldman Sachs"
88,"Philip Morris"
89,"Yahoo"
90,"Enron"
91,"BP"
92,"Google"
93,"Amazon"
94,"Monsanto"
95,"Walmart"
96,"Google"
97,"Uber"
98,"Google"
99,"Goldman Sachs"
100,"Blackwater"
101,"McDonald's"
102,"Nike"
103,"Google"
104,"Johnson & Johnson"
105,"Nike"
106,"Blackwater"
107,"Uber"
108,"Shell"
109,"Enron"
110,"BP"
111,"Pfizer"
112,"Coca-Cola"
113,"Lehman Brothers"
114,"Blackwater"
115,"Philip Morris"
116,"Nike"
117,"Amazon"
118,"Walmart"
119,"Enron"
120,"Monsanto"
121,"Volkswagen"
122,"Shell"
123,"Takata"
124,"Enron"
125,"Yahoo"
126,"Facebook"
127,"Uber"
128,"Monsanto"
129,"Pfizer"
130,"Volkswagen"
131,"Nestle"
132,"Uber"
133,"Amazon"
134,"Monsanto"
135,"ExxonMobil"
136,"BP"
137,"McDonald's"
138,"Coca-Cola"
139,"Philip Morris"
140,"ExxonMobil"
141,"Halliburton"
142,"Nestle"
143,"Equifax"
144,"Equifax"
145,"Walmart"
146,"Walmart"
147,"Halliburton"
148,"Pfizer"
149,"Blackwater"
150,"Pfizer"
151,"Coca-Cola"
152,"Goldman Sachs"
153,"Monsanto"
154,"Walmart"
155,"Yahoo"
156,"McDonald's"
157,"Google"
158,"Nestle"
159,"Johnson & Johnson"
160,"Google"
161,"Halliburton"
162,"Coca-Cola"
163,"Pfizer"
164,"Lehman Brothers"
165,"Google"
166,"ExxonMobil"
167,"Google"
168,"Takata"
169,"Blackwater"
170,"Facebook"
171,"Nike"
172,"Takata"
173,"Takata"
174,"Equifax"
175,"Monsanto"
176,"Walmart"
177,"Lehman Brothers"
178,"Johnson & Johnson"
179,"Walmart"
180,"ExxonMobil"
181,"Amazon"
182,"Goldman Sachs"
183,"BP"
184,"Walmart"
185,"Walmart"
186,"Coca-Cola"
187,"Amazon"
188,"Equifax"
189,"Johnson & Johnson"
190,"Pfizer"
191,"Lehman Brothers"
192,"McDonald's"
193,"Amazon"
194,"Nestle"
195,"ExxonMobil"
196,"Lehman Brothers"
197,"Walmart"
198,"Goldman Sachs"
199,"Goldman Sachs"
200,"Enron"
201,"Uber"
202,"Johnson & Johnson"
203,"Yahoo"
204,"Nike"
205,"Facebook"
206,"Facebook"
207,"BP"
208,"Blackwater"
209,"Philip Morris"
210,"Uber"
211,"Goldman Sachs"
212,"Coca-Cola"
213,"Volkswagen"
214,"Lehman Brothers"
215,"Blackwater"
216,"Nike"
217,"Equifax"
218,"Google"
219,"Equifax"
220,"Lehman Brothers"
221,"Shell"
222,"Yahoo"
223,"Volkswagen"
224,"Google"
225,"Takata"
226,"Coca-Cola"
227,"Philip Morris"
228,"Lehman Brothers"
229,"Shell"
230,"Takata"
231,"McDonald's"
232,"Nestle"
233,"Shell"
234,"Halliburton"
235,"Walmart"
236,"Johnson & Johnson"
237,"Pfizer"
238,"Takata"
239,"Philip Morris"
240,"Uber"
241,"Monsanto"
242,"BP"
243,"Philip Morris"
244,"Amazon"
245,"ExxonMobil"
246,"Nike"
247,"Takata"
248,"Goldman Sachs"
249,"Blackwater"
250,"Takata"
251,"Philip Morris"
252,"McDonald's"
253,"Johnson & Johnson"
254,"Goldman Sachs"
255,"Google"
256,"Google"
257,"Amazon"
258,"BP"
259,"McDonald's"
260,"McDonald's"
261,"Nestle"
262,"Johnson & Johnson"
263,"Enron"
264,"Facebook"
265,"Pfizer"
266,"Goldman Sachs"
267,"Monsanto"
268,"Facebook"
269,"Coca-Cola"
270,"McDonald's"
271,"BP"
272,"Shell"
273,"Nike"
274,"Lehman Brothers"
275,"Volkswagen"
276,"Halliburton"
277,"Shell"
278,"Google"
279,"Volkswagen"
280,"Philip Morris"
281,"Monsanto"
282,"Enron"
283,"Amazon"
284,"Monsanto"
285,"Lehman Brothers"
286,"Takata"
287,"Monsanto"
288,"ExxonMobil"
289,"Halliburton"
290,"Monsanto"
291,"Blackwater"
292,"Yahoo"
293,"Nike"
294,"Enron"
295,"Halliburton"
296,"Google"
297,"Coca-Cola"
298,"Nike"
299,"Google"
300,"Enron"
301,"Nestle"
302,"Nestle"
303,"Philip Morris"
304,"Blackwater"
305,"McDonald's"
306,"Walmart"
307,"Yahoo"
308,"ExxonMobil"
309,"Coca-Cola"
310,"Philip Morris"
311,"Nike"
312,"McDonald's"
313,"Nike"
314,"Pfizer"
315,"Enron"
316,"Takata"
317,"Takata"
318,"Google"
319,"Nike"
320,"Facebook"
321,"Nestle"
322,"Philip Morris"
323,"Walmart"
324,"Coca-Cola"
325,"Shell"
326,"Nestle"
327,"Google"
328,"Monsanto"
329,"Yahoo"
330,"Amazon"
331,"BP"
332,"Amazon"
333,"Coca-Cola"
334,"Uber"
335,"Walmart"
336,"Takata"
337,"McDonald's"
338,"Philip Morris"
339,"Nike"
340,"Coca-Cola"
341,"Volkswagen"
342,"Uber"
343,"ExxonMobil"
344,"Goldman Sachs"
345,"Yahoo"
346,"Lehman Brothers"
347,"Blackwater"
348,"Equifax"
349,"Lehman Brothers"
350,"Walmart"
351,"Nike"
352,"Monsanto"
353,"Yahoo"
354,"Shell"
355,"Johnson & Johnson"
356,"Shell"
357,"Walmart"
358,"McDonald's"
359,"Enron"
360,"Nike"
361,"Amazon"
362,"Coca-Cola"
363,"Nestle"
364,"Coca-Cola"
365,"Facebook"
366,"Halliburton"
367,"Takata"
368,"Nestle"
369,"Shell"
370,"Nike"
371,"Blackwater"
372,"Uber"
373,"Philip Morris"
374,"Amazon"
375,"ExxonMobil"
376,"BP"
377,"Walmart"
378,"Nike"
379,"BP"
380,"Equifax"
381,"Shell"
382,"Johnson & Johnson"
383,"McDonald's"
384,"Philip Morris"
385,"Enron"
386,"Equifax"
387,"Volkswagen"
388,"Yahoo"
389,"Blackwater"
390,"BP"
391,"ExxonMobil"
392,"Pfizer"
393,"Volkswagen"
394,"Shell"
395,"Amazon"
396,"Pfizer"
397,"Johnson & Johnson"
398,"Equifax"
399,"Goldman Sachs"
400,"ExxonMobil"
401,"Walmart"
402,"Walmart"
403,"Equifax"
404,"Goldman Sachs"
405,"Volkswagen"
406,"McDonald's"
407,"Walmart"
408,"Volkswagen"
409,"Nike"
410,"Equifax"
411,"Monsanto"
412,"ExxonMobil"
413,"Pfizer"
414,"Walmart"
415,"Shell"
416,"Lehman Brothers"
417,"ExxonMobil"
418,"BP"
419,"Lehman Brothers"
420,"Uber"
421,"BP"
422,"Pfizer"
423,"Takata"
424,"Amazon"
425,"Walmart"
426,"Amazon"
427,"Volkswagen"
428,"Nike"
429,"Shell"
430,"Coca-Cola"
431,"Equifax"
432,"Blackwater"
433,"Coca-Cola"
434,"Goldman Sachs"
435,"BP"
436,"Lehman Brothers"
437,"Walmart"
438,"Philip Morris"
439,"Shell"
440,"Enron"
441,"Walmart"
442,"Takata"
443,"ExxonMobil"
444,"Monsanto"
445,"Takata"
446,"Johnson & Johnson"
447,"Amazon"
448,"Blackwater"
449,"Blackwater"
450,"Philip Morris"
451,"Volkswagen"
452,"Takata"
453,"Equifax"
454,"Halliburton"
455,"Equifax"
456,"Blackwater"
457,"Blackwater"
458,"Facebook"
459,"Equifax"
460,"Blackwater"
461,"McDonald's"
462,"Amazon"
463,"Google"
464,"Blackwater"
465,"Halliburton"
466,"Johnson & Johnson"
467,"Yahoo"
468,"ExxonMobil"
469,"BP"
470,"Yahoo"
471,"Blackwater"
472,"Equifax"
473,"Lehman Brothers"
474,"Blackwater"
475,"Volkswagen"
476,"Johnson & Johnson"
477,"Blackwater"
478,"Johnson & Johnson"
479,"BP"
480,"Johnson & Johnson"
481,"Equifax"
482,"Yahoo"
483,"Coca-Cola"
484,"Blackwater"
485,"Halliburton"
486,"Johnson & Johnson"
487,"Johnson & Johnson"
488,"Coca-Cola"
489,"Lehman Brothers"
490,"ExxonMobil"
491,"Halliburton"
492,"Amazon"
493,"Monsanto"
494,"Enron"
495,"Facebook"
496,"Pfizer"
497,"Shell"
498,"Volkswagen"
499,"Uber"
500,"Monsanto"
501,"Goldman Sachs"
502,"Google"
503,"Johnson & Johnson"
504,"Lehman Brothers"
505,"Pfizer"
506,"Shell"
507,"Johnson & Johnson"
508,"Johnson & Johnson"
509,"Goldman Sachs"
510,"Lehman Brothers"
511,"Takata"
512,"Uber"
513,"Monsanto"
514,"Johnson & Johnson"
515,"Facebook"
516,"Uber"
517,"Walmart"
518,"Nike"
519,"Pfizer"
520,"Goldman Sachs"
521,"Amazon"
522,"Lehman Brothers"
523,"Halliburton"
524,"Amazon"
525,"Enron"
526,"Shell"
527,"Halliburton"
528,"ExxonMobil"
529,"Halliburton"
530,"Johnson & Johnson"
531,"Pfizer"
532,"Facebook"
533,"Coca-Cola"
534,"Nestle"
535,"BP"
536,"Monsanto"
537,"Halliburton"
538,"Pfizer"
539,"ExxonMobil"
540,"ExxonMobil"
541,"Equifax"
542,"Blackwater"
543,"Equifax"
544,"Nike"
545,"Volkswagen"
546,"Pfizer"
547,"Yahoo"
548,"Equifax"
549,"Shell"
550,"Goldman Sachs"
551,"Pfizer"
552,"Volkswagen"
553,"Uber"
554,"Blackwater"
555,"BP"
556,"Nike"
557,"Enron"
558,"Amazon"
559,"Nike"
560,"Uber"
561,"Lehman Brothers"
562,"ExxonMobil"
563,"McDonald's"
564,"Nike"
565,"Walmart"
566,"Equifax"
567,"Yahoo"
568,"Pfizer"
569,"Nestle"
570,"Johnson & Johnson"
571,"Walmart"
572,"Takata"
573,"Johnson & Johnson"
574,"Uber"
575,"Nike"
576,"Amazon"
577,"Lehman Brothers"
578,"Monsanto"
579,"Pfizer"
580,"Johnson & Johnson"
581,"Philip Morris"
582,"Amazon"
583,"Blackwater"
584,"Goldman Sachs"
585,"Shell"
586,"BP"
587,"Monsanto"
588,"Facebook"
589,"Google"
590,"Takata"
591,"Monsanto"
592,"Yahoo"
593,"Amazon"
594,"Lehman Brothers"
595,"Monsanto"
596,"McDonald's"
597,"Halliburton"
598,"BP"
599,"Nestle"
600,"Goldman Sachs"
601,"Shell"
602,"Facebook"
603,"Walmart"
604,"Uber"
605,"Goldman Sachs"
606,"Goldman Sachs"
607,"Pfizer"
608,"Walmart"
609,"Walmart"
610,"ExxonMobil"
611,"Takata"
612,"Uber"
613,"Volkswagen"
614,"Coca-Cola"
615,"Equifax"
616,"McDonald's"
617,"Takata"
618,"Pfizer"
619,"Johnson & Johnson"
620,"McDonald's"
621,"Walmart"
622,"Uber"
623,"Pfizer"
624,"Amazon"
625,"Blackwater"
626,"ExxonMobil"
627,"Goldman Sachs"
628,"Equifax"
629,"Facebook"
630,"Halliburton"
631,"Equifax"
632,"Pfizer"
633,"Equifax"
634,"Enron"
635,"Amazon"
636,"Nestle"
637,"Shell"
638,"Walmart"
639,"Volkswagen"
640,"Google"
641,"Blackwater"
642,"Johnson & Johnson"
643,"Lehman Brothers"
644,"Shell"
645,"McDonald's"
646,"Equifax"
647,"Volkswagen"
648,"Blackwater"
649,"Shell"
650,"Volkswagen"
651,"Coca-Cola"
652,"Volkswagen"
653,"Shell"
654,"Enron"
655,"Halliburton"
656,"McDonald's"
657,"Goldman Sachs"
658,"Enron"
659,"Uber"
660,"Coca-Cola"
661,"Goldman Sachs"
662,"ExxonMobil"
663,"Enron"
664,"BP"
665,"Coca-Cola"
666,"Blackwater"
667,"Walmart"
668,"Amazon"
669,"Coca-Cola"
670,"Halliburton"
671,"Amazon"
672,"Lehman Brothers"
673,"Coca-Cola"
674,"Yahoo"
675,"Volkswagen"
676,"Enron"
677,"Nestle"
678,"Uber"
679,"Amazon"
680,"Philip Morris"
681,"Yahoo"
682,"Equifax"
683,"Nestle"
684,"Shell"
685,"Halliburton"
686,"Enron"
687,"Enron"
688,"Facebook"
689,"Shell"
690,"Johnson & Johnson"
691,"Goldman Sachs"
692,"BP"
693,"Enron"
694,"Equifax"
695,"Equifax"
696,"Johnson & Johnson"
697,"Halliburton"
698,"Philip Morris"
699,"Enron"
700,"Coca-Cola"
701,"Pfizer"
702,"Amazon"
703,"ExxonMobil"
704,"Equifax"
705,"Johnson & Johnson"
706,"Equifax"
707,"Shell"
708,"Shell"
709,"Equifax"
710,"Johnson & Johnson"
711,"Goldman Sachs"
712,"Halliburton"
713,"Halliburton"
714,"Nestle"
715,"Monsanto"
716,"Volkswagen"
717,"Enron"
718,"Uber"
719,"Shell"
720,"Shell"
721,"Takata"
722,"Yahoo"
723,"Google"
724,"Blackwater"
725,"Google"
726,"Goldman Sachs"
727,"Uber"
728,"Yahoo"
729,"Volkswagen"
730,"Enron"
731,"Johnson & Johnson"
732,"Nike"
733,"Volkswagen"
734,"Walmart"
735,"Facebook"
736,"Volkswagen"
737,"Yahoo"
738,"Nestle"
739,"Google"
740,"Takata"
741,"Blackwater"
742,"Facebook"
743,"Equifax"
744,"Enron"
745,"Uber"
746,"McDonald's"
747,"Google"
748,"Nike"
749,"Enron"
750,"Pfizer"
751,"Walmart"
752,"Takata"
753,"Nestle"
754,"Coca-Cola"
755,"Halliburton"
756,"Blackwater"
757,"Coca-Cola"
758,"Monsanto"
759,"Walmart"
760,"Halliburton"
761,"Nike"
762,"Uber"
763,"Monsanto"
764,"Johnson & Johnson"
765,"Pfizer"
766,"Google"
767,"Takata"
768,"Uber"
769,"Nestle"
770,"BP"
771,"Equifax"
772,"Enron"
773,"Coca-Cola"
774,"ExxonMobil"
775,"Shell"
776,"McDonald's"
777,"Amazon"
778,"Lehman Brothers"
779,"Amazon"
780,"Takata"
781,"Walmart"
782,"ExxonMobil"
783,"Takata"
784,"Enron"
785,"ExxonMobil"
786,"Philip Morris"
787,"Monsanto"
788,"Pfizer"
789,"Amazon"
790,"Shell"
791,"Goldman Sachs"
792,"Blackwater"
793,"Nestle"
794,"Johnson & Johnson"
795,"Halliburton"
796,"Equifax"
797,"Blackwater"
798,"Nestle"
799,"Google"
800,"McDonald's"
801,"McDonald's"
802,"Blackwater"
803,"Monsanto"
804,"Blackwater"
805,"Yahoo"
806,"Halliburton"
807,"Halliburton"
808,"Volkswagen"
809,"Volkswagen"
810,"Nike"
811,"Enron"
812,"Lehman Brothers"
813,"BP"
814,"Coca-Cola"
815,"Blackwater"
816,"McDonald's"
817,"McDonald's"
818,"Yahoo"
819,"Takata"
820,"BP"
821,"Shell"
822,"Philip Morris"
823,"Uber"
824,"McDonald's"
825,"Equifax"
826,"ExxonMobil"
827,"Halliburton"
828,"BP"
829,"Nestle"
830,"BP"
831,"Coca-Cola"
832,"Coca-Cola"
833,"Pfizer"
834,"Philip Morris"
835,"Nike"
836,"Uber"
837,"Johnson & Johnson"
838,"Walmart"
839,"Yahoo"
840,"Facebook"
841,"Lehman Brothers"
842,"Lehman Brothers"
843,"BP"
844,"Blackwater"
845,"Philip Morris"
846,"Nestle"
847,"Enron"
848,"Monsanto"
849,"Takata"
850,"McDonald's"
851,"Goldman Sachs"
852,"Amazon"
853,"Johnson & Johnson"
854,"Lehman Brothers"
855,"ExxonMobil"
856,"Blackwater"
857,"Monsanto"
858,"Google"
859,"Equifax"
860,"BP"
861,"Nike"
862,"Coca-Cola"
863,"Lehman Brothers"
864,"Nestle"
865,"Goldman Sachs"
866,"Goldman Sachs"
867,"Blackwater"
868,"Uber"
869,"Nike"
870,"Volkswagen"
871,"Amazon"
872,"Yahoo"
873,"Johnson & Johnson"
874,"Volkswagen"
875,"Pfizer"
876,"Monsanto"
877,"BP"
878,"Halliburton"
879,"Takata"
880,"Yahoo"
881,"McDonald's"
882,"Google"
883,"Pfizer"
884,"McDonald's"
885,"Takata"
886,"Coca-Cola"
887,"Philip Morris"
888,"Lehman Brothers"
889,"Equifax"
890,"Amazon"
891,"Google"
892,"Uber"
893,"Google"
894,"Lehman Brothers"
895,"Blackwater"
896,"Johnson & Johnson"
897,"Nestle"
898,"Walmart"
899,"Enron"
900,"Blackwater"
901,"Goldman Sachs"
902,"Lehman Brothers"
903,"McDonald's"
904,"Uber"
905,"Equifax"
906,"Shell"
907,"Equifax"
908,"Enron"
909,"Nestle"
910,"Takata"
911,"Coca-Cola"
912,"Blackwater"
913,"Uber"
914,"McDonald's"
915,"Volkswagen"
916,"Philip Morris"
917,"Goldman Sachs"
918,"Equifax"
919,"Walmart"
920,"Pfizer"
921,"Walmart"
922,"Pfizer"
923,"Johnson & Johnson"
924,"Lehman Brothers"
925,"Goldman Sachs"
926,"Uber"
927,"Blackwater"
928,"McDonald's"
929,"McDonald's"
930,"Blackwater"
931,"Monsanto"
932,"BP"
933,"Blackwater"
934,"Enron"
935,"Walmart"
936,"Equifax"
937,"Amazon"
938,"Equifax"
939,"Shell"
940,"Lehman Brothers"
941,"Amazon"
942,"BP"
943,"Facebook"
944,"Equifax"
945,"Lehman Brothers"
946,"Coca-Cola"
947,"Monsanto"
948,"McDonald's"
949,"Pfizer"
950,"Google"
951,"Lehman Brothers"
952,"Walmart"
953,"Yahoo"
954,"Nestle"
955,"McDonald's"
956,"Takata"
957,"Equifax"
958,"Yahoo"
959,"Philip Morris"
960,"Nestle"
961,"McDonald's"
962,"Takata"
963,"Halliburton"
964,"Lehman Brothers"
965,"Uber"
966,"Johnson & Johnson"
967,"Philip Morris"
968,"Coca-Cola"
969,"Takata"
970,"Volkswagen"
971,"ExxonMobil"
972,"Nestle"
973,"McDonald's"
974,"McDonald's"
975,"Amazon"
976,"Walmart"
977,"McDonald's"
978,"Nestle"
979,"Nestle"
980,"Walmart"
981,"Google"
982,"Takata"
983,"Amazon"
984,"Yahoo"
985,"Halliburton"
986,"Equifax"
987,"Halliburton"
988,"Pfizer"
989,"Uber"
990,"Nestle"
991,"Pfizer"
992,"Pfizer"
993,"Halliburton"
994,"Philip Morris"
995,"Pfizer"
996,"Yahoo"
997,"Shell"
998,"Blackwater"
999,"Blackwater"
1000,"Enron"
1001,"Walmart"
1002,"Monsanto"
1003,"Lehman Brothers"
1004,"Facebook"
1005,"Coca-Cola"
1006,"Shell"
1007,"Yahoo"
1008,"Goldman Sachs"
1009,"Takata"
1010,"Coca-Cola"
1011,"Takata"
1012,"McDonald's"
1013,"McDonald's"
1014,"Volkswagen"
1015,"Google"
1016,"Nike"
1017,"Facebook"
1018,"Halliburton"
1019,"Nike"
1020,"Uber"
1021,"Lehman Brothers"
1022,"Volkswagen"
1023,"Enron"
1024,"Nike"
1025,"Blackwater"
1026,"Amazon"
1027,"Pfizer"
1028,"Lehman Brothers"
1029,"McDonald's"
1030,"McDonald's"
1031,"Coca-Cola"
1032,"Goldman Sachs"
1033,"Takata"
1034,"McDonald's"
1035,"Coca-Cola"
1036,"Enron"
1037,"Monsanto"
1038,"Lehman Brothers"
1039,"Facebook"
1040,"Monsanto"
1041,"Johnson & Johnson"
1042,"Uber"
1043,"Walmart"
1044,"Philip Morris"
1045,"Nestle"
1046,"Takata"
1047,"BP"
1048,"Yahoo"
1049,"Goldman Sachs"
1050,"Shell"
1051,"Blackwater"
1052,"Nestle"
1053,"Enron"
1054,"Google"
1055,"Google"
1056,"BP"
1057,"Goldman Sachs"
1058,"Enron"
1059,"Shell"
1060,"Blackwater"
1061,"Takata"
1062,"Enron"
1063,"Goldman Sachs"
1064,"Volkswagen"
1065,"Halliburton"
1066,"Philip Morris"
1067,"Shell"
1068,"Lehman Brothers"
1069,"Takata"
1070,"Walmart"
1071,"Equifax"
1072,"Yahoo"
1073,"Pfizer"
1074,"Halliburton"
1075,"Coca-Cola"
1076,"Equifax"
1077,"Walmart"
1078,"Walmart"
1079,"Monsanto"
1080,"Coca-Cola"
1081,"Takata"
1082,"Amazon"
1083,"Pfizer"
1084,"BP"
1085,"Takata"
1086,"Halliburton"
1087,"BP"
1088,"Amazon"
1089,"Shell"
1090,"Halliburton"
1091,"Walmart"
1092,"McDonald's"
1093,"Coca-Cola"
1094,"Johnson & Johnson"
1095,"Shell"
1096,"Johnson & Johnson"
1097,"Uber"
1098,"Equifax"
1099,"Coca-Cola"
1100,"Johnson & Johnson"
1101,"Facebook"
1102,"Shell"
1103,"Volkswagen"
1104,"BP"
1105,"ExxonMobil"
1106,"Uber"
1107,"Nestle"
1108,"Blackwater"
1109,"Coca-Cola"
1110,"Lehman Brothers"
1111,"BP"
1112,"Johnson & Johnson"
1113,"Blackwater"
1114,"Uber"
1115,"McDonald's"
1116,"Blackwater"
1117,"Yahoo"
1118,"Johnson & Johnson"
1119,"Halliburton"
1120,"Coca-Cola"
1121,"Equifax"
1122,"Volkswagen"
1123,"Lehman Brothers"
1124,"Johnson & Johnson"
1125,"BP"
1126,"Blackwater"
1127,"Lehman Brothers"
1128,"Volkswagen"
1129,"Walmart"
1130,"Amazon"
1131,"Philip Morris"
1132,"McDonald's"
1133,"Nestle"
1134,"Goldman Sachs"
1135,"Blackwater"
1136,"Yahoo"
1137,"ExxonMobil"
1138,"Coca-Cola"
1139,"Facebook"
1140,"Equifax"
1141,"Yahoo"
1142,"Nike"
1143,"Goldman Sachs"
1144,"Shell"
1145,"Shell"
1146,"Amazon"
1147,"Pfizer"
1148,"Halliburton"
1149,"Nestle"
1150,"Walmart"
1151,"Lehman Brothers"
1152,"Walmart"
1153,"Enron"
1154,"Shell"
1155,"Nestle"
1156,"Enron"
1157,"Amazon"
1158,"Monsanto"
1159,"Philip Morris"
1160,"Enron"
1161,"Facebook"
1162,"Philip Morris"
1163,"Lehman Brothers"
1164,"Nestle"
1165,"Nike"
1166,"Takata"
1167,"Monsanto"
1168,"Takata"
1169,"Equifax"
1170,"Halliburton"
1171,"Uber"
1172,"Halliburton"
1173,"Yahoo"
1174,"Takata"
1175,"ExxonMobil"
1176,"Blackwater"
1177,"Halliburton"
1178,"Shell"
1179,"Volkswagen"
1180,"Equifax"
1181,"McDonald's"
1182,"McDonald's"
1183,"Shell"
1184,"Johnson & Johnson"
1185,"Walmart"
1186,"Uber"
1187,"Takata"
1188,"ExxonMobil"
1189,"Johnson & Johnson"
1190,"Yahoo"
1191,"Johnson & Johnson"
1192,"Uber"
1193,"Pfizer"
1194,"Takata"
1195,"Monsanto"
1196,"Google"
1197,"Pfizer"
1198,"McDonald's"
1199,"Equifax"
1200,"McDonald's"
1201,"BP"
1202,"Yahoo"
1203,"Coca-Cola"
1204,"Google"
1205,"Halliburton"
1206,"Goldman Sachs"
1207,"Coca-Cola"
1208,"Facebook"
1209,"Yahoo"
1210,"Yahoo"
1211,"Facebook"
1212,"Goldman Sachs"
1213,"Yahoo"
1214,"Lehman Brothers"
1215,"Enron"
1216,"Walmart"
1217,"Enron"
1218,"McDonald's"
1219,"ExxonMobil"
1220,"BP"
1221,"Facebook"
1222,"Google"
1223,"Equifax"
1224,"Johnson & Johnson"
1225,"Shell"
1226,"Equifax"
1227,"Facebook"
1228,"Takata"
1229,"Blackwater"
1230,"Yahoo"
1231,"Monsanto"
1232,"Takata"
1233,"Philip Morris"
1234,"McDonald's"
1235,"Blackwater"
1236,"Takata"
1237,"Blackwater"
1238,"Shell"
1239,"BP"
1240,"Google"
1241,"Walmart"
1242,"Volkswagen"
1243,"Equifax"
1244,"Philip Morris"
1245,"Google"
1246,"BP"
1247,"Uber"
1248,"Google"
1249,"Johnson & Johnson"
1250,"Walmart"
1251,"Philip Morris"
1252,"Blackwater"
1253,"Shell"
1254,"Google"
1255,"Facebook"
1256,"Philip Morris"
1257,"Takata"
1258,"Goldman Sachs"
1259,"Shell"
1260,"Enron"
1261,"Nike"
1262,"Shell"
1263,"Coca-Cola"
1264,"Volkswagen"
1265,"Enron"
1266,"Yahoo"
1267,"Halliburton"
1268,"Halliburton"
1269,"BP"
1270,"Google"
1271,"Facebook"
1272,"Amazon"
1273,"Walmart"
1274,"Pfizer"
1275,"Halliburton"
1276,"McDonald's"
1277,"Walmart"
1278,"Yahoo"
1279,"Blackwater"
1280,"Uber"
1281,"Coca-Cola"
1282,"Takata"
1283,"Facebook"
1284,"Nike"
1285,"BP"
1286,"Halliburton"
1287,"Yahoo"
1288,"Johnson & Johnson"
1289,"Coca-Cola"
1290,"Yahoo"
1291,"McDonald's"
1292,"Equifax"
1293,"Enron"
1294,"Walmart"
1295,"Halliburton"
1296,"Goldman Sachs"
1297,"McDonald's"
1298,"Google"
1299,"Johnson & Johnson"
1300,"Pfizer"
1301,"McDonald's"
1302,"Shell"
1303,"Blackwater"
1304,"Pfizer"
1305,"Volkswagen"
1306,"Halliburton"
1307,"Halliburton"
1308,"Lehman Brothers"
1309,"Uber"
1310,"Uber"
1311,"McDonald's"
1312,"ExxonMobil"
1313,"Nike"
1314,"Equifax"
1315,"Walmart"
1316,"Enron"
1317,"Pfizer"
1318,"Nestle"
1319,"Goldman Sachs"
1320,"Coca-Cola"
1321,"Amazon"
1322,"Johnson & Johnson"
1323,"Shell"
1324,"Shell"
1325,"Blackwater"
1326,"Nestle"
1327,"Goldman Sachs"
1328,"Halliburton"
1329,"BP"
1330,"Yahoo"
1331,"Halliburton"
1332,"Walmart"
1333,"Lehman Brothers"
1334,"Monsanto"
1335,"Goldman Sachs"
1336,"ExxonMobil"
1337,"Takata"
1338,"Facebook"
1339,"Johnson & Johnson"
1340,"BP"
1341,"BP"
1342,"Nestle"
1343,"Amazon"
1344,"Equifax"
1345,"Coca-Cola"
1346,"Philip Morris"
1347,"Amazon"
1348,"Philip Morris"
1349,"Enron"
1350,"Lehman Brothers"
1351,"Google"
1352,"Coca-Cola"
1353,"Equifax"
1354,"Amazon"
1355,"Nestle"
1356,"Coca-Cola"
1357,"Equifax"
1358,"Google"
1359,"Philip Morris"
1360,"Yahoo"
1361,"Goldman Sachs"
1362,"Facebook"
1363,"Nike"
1364,"McDonald's"
1365,"Facebook"
1366,"Coca-Cola"
1367,"BP"
1368,"Pfizer"
1369,"Equifax"
1370,"Uber"
1371,"Shell"
1372,"Pfizer"
1373,"Nike"
1374,"Nike"
1375,"Takata"
1376,"Coca-Cola"
1377,"Monsanto"
1378,"Goldman Sachs"
1379,"Enron"
1380,"Philip Morris"
1381,"Halliburton"
1382,"Philip Morris"
1383,"BP"
1384,"Uber"
1385,"McDonald's"
1386,"Volkswagen"
1387,"Philip Morris"
1388,"BP"
1389,"Shell"
1390,"McDonald's"
1391,"Blackwater"
1392,"Walmart"
1393,"Facebook"
1394,"Google"
1395,"Yahoo"
1396,"Nike"
1397,"Shell"
1398,"BP"
1399,"Uber"
1400,"Nestle"
1401,"Amazon"
1402,"Halliburton"
1403,"Lehman Brothers"
1404,"Nestle"
1405,"Takata"
1406,"Yahoo"
1407,"Johnson & Johnson"
1408,"Amazon"
1409,"Johnson & Johnson"
1410,"ExxonMobil"
1411,"Goldman Sachs"
1412,"Takata"
1413,"Facebook"
1414,"Philip Morris"
1415,"Nike"
1416,"Google"
1417,"Philip Morris"
1418,"Philip Morris"
1419,"Philip Morris"
1420,"Yahoo"
1421,"Amazon"
1422,"Uber"
1423,"Lehman Brothers"
1424,"Lehman Brothers"
1425,"Blackwater"
1426,"Google"
1427,"Philip Morris"
1428,"Enron"
1429,"McDonald's"
1430,"Yahoo"
1431,"Yahoo"
1432,"Volkswagen"
1433,"Philip Morris"
1434,"Lehman Brothers"
1435,"Coca-Cola"
1436,"Lehman Brothers"
1437,"Johnson & Johnson"
1438,"Enron"
1439,"Goldman Sachs"
1440,"Monsanto"
1441,"Lehman Brothers"
1442,"Shell"
1443,"Shell"
1444,"Goldman Sachs"
1445,"Blackwater"
1446,"BP"
1447,"McDonald's"
1448,"Lehman Brothers"
1449,"Monsanto"
1450,"Johnson & Johnson"
1451,"Enron"
1452,"Coca-Cola"
1453,"Uber"
1454,"Pfizer"
1455,"Pfizer"
1456,"Shell"
1457,"Equifax"
1458,"Monsanto"
1459,"Google"
1460,"Monsanto"
1461,"Halliburton"
1462,"Shell"
1463,"McDonald's"
1464,"Goldman Sachs"
1465,"Google"
1466,"Yahoo"
1467,"Amazon"
1468,"BP"
1469,"Volkswagen"
1470,"Takata"
1471,"Walmart"
1472,"Uber"
1473,"Google"
1474,"ExxonMobil"
1475,"Coca-Cola"
1476,"Equifax"
1477,"Coca-Cola"
1478,"Takata"
1479,"Goldman Sachs"
1480,"Takata"
1481,"Nike"
1482,"Johnson & Johnson"
1483,"Pfizer"
1484,"Google"
1485,"Facebook"
1486,"Nike"
1487,"Halliburton"
1488,"ExxonMobil"
1489,"Takata"
1490,"McDonald's"
1491,"Halliburton"
1492,"Philip Morris"
1493,"BP"
1494,"ExxonMobil"
1495,"Takata"
1496,"Johnson & Johnson"
1497,"Uber"
1498,"Amazon"
1499,"Uber"
1500,"Google"
1501,"Monsanto"
1502,"Pfizer"
1503,"Lehman Brothers"
1504,"Takata"
1505,"Nestle"
1506,"BP"
1507,"Shell"
1508,"Facebook"
1509,"Volkswagen"
1510,"Halliburton"
1511,"Takata"
1512,"Halliburton"
1513,"Coca-Cola"
1514,"Takata"
1515,"Philip Morris"
1516,"Equifax"
1517,"Coca-Cola"
1518,"Google"
1519,"Halliburton"
1520,"Walmart"
1521,"Uber"
1522,"Blackwater"
1523,"Nestle"
1524,"Yahoo"
1525,"Coca-Cola"
1526,"Volkswagen"
1527,"Amazon"
1528,"Pfizer"
1529,"Johnson & Johnson"
1530,"Takata"
1531,"Lehman Brothers"
1532,"Shell"
1533,"Yahoo"
1534,"Goldman Sachs"
1535,"Goldman Sachs"
1536,"Philip Morris"
1537,"Lehman Brothers"
1538,"McDonald's"
1539,"BP"
1540,"Walmart"
1541,"Yahoo"
1542,"Philip Morris"
1543,"Blackwater"
1544,"Halliburton"
1545,"Uber"
1546,"McDonald's"
1547,"Yahoo"
1548,"BP"
1549,"Facebook"
1550,"Facebook"
1551,"Philip Morris"
1552,"Enron"
1553,"Monsanto"
1554,"Uber"
1555,"Johnson & Johnson"
1556,"Enron"
1557,"Facebook"
1558,"Facebook"
1559,"Amazon"
1560,"Philip Morris"
1561,"Uber"
1562,"Goldman Sachs"
1563,"Monsanto"
1564,"Uber"
1565,"Facebook"
1566,"Goldman Sachs"
1567,"BP"
1568,"Uber"
1569,"Goldman Sachs"
1570,"Monsanto"
1571,"Shell"
1572,"Shell"
1573,"ExxonMobil"
1574,"Enron"
1575,"Coca-Cola"
1576,"Goldman Sachs"
1577,"McDonald's"
1578,"Amazon"
1579,"Lehman Brothers"
1580,"Monsanto"
1581,"Philip Morris"
1582,"Enron"
1583,"Facebook"
1584,"Takata"
1585,"Enron"
1586,"Yahoo"
1587,"Shell"
1588,"Facebook"
1589,"Takata"
1590,"Nestle"
1591,"Volkswagen"
1592,"McDonald's"
1593,"Monsanto"
1594,"Nike"
1595,"Blackwater"
1596,"Uber"
1597,"Johnson & Johnson"
1598,"Goldman Sachs"
1599,"Johnson & Johnson"
1600,"Nestle"
1601,"Goldman Sachs"
1602,"Nestle"
1603,"Goldman Sachs"
1604,"Johnson & Johnson"
1605,"BP"
1606,"Amazon"
1607,"Nestle"
1608,"Coca-Cola"
1609,"Uber"
1610,"McDonald's"
1611,"Amazon"
1612,"Lehman Brothers"
1613,"Nestle"
1614,"Enron"
1615,"Shell"
1616,"Lehman Brothers"
1617,"Halliburton"
1618,"Goldman Sachs"
1619,"Takata"
1620,"Lehman Brothers"
1621,"Nike"
1622,"Pfizer"
1623,"Facebook"
1624,"Nike"
1625,"ExxonMobil"
1626,"BP"
1627,"Shell"
1628,"BP"
1629,"Nike"
1630,"Coca-Cola"
1631,"Facebook"
1632,"Takata"
1633,"McDonald's"
1634,"Volkswagen"
1635,"Equifax"
1636,"Google"
1637,"Walmart"
1638,"Philip Morris"
1639,"Goldman Sachs"
1640,"Coca-Cola"
1641,"Coca-Cola"
1642,"Philip Morris"
1643,"McDonald's"
1644,"Amazon"
1645,"Halliburton"
1646,"Goldman Sachs"
1647,"Uber"
1648,"Facebook"
1649,"Pfizer"
1650,"Monsanto"
1651,"Uber"
1652,"ExxonMobil"
1653,"Amazon"
1654,"Equifax"
1655,"Facebook"
1656,"Monsanto"
1657,"Uber"
1658,"Halliburton"
1659,"BP"
1660,"Monsanto"
1661,"Blackwater"
1662,"Halliburton"
1663,"Equifax"
1664,"Monsanto"
1665,"Shell"
1666,"Johnson & Johnson"
1667,"Volkswagen"
1668,"Nike"
1669,"Uber"
1670,"Takata"
1671,"Blackwater"
1672,"Yahoo"
1673,"Volkswagen"
1674,"BP"
1675,"Halliburton"
1676,"Walmart"
1677,"Yahoo"
1678,"Shell"
1679,"Nike"
1680,"Yahoo"
1681,"Halliburton"
1682,"Philip Morris"
1683,"Pfizer"
1684,"Blackwater"
1685,"Nike"
1686,"Monsanto"
1687,"Monsanto"
1688,"Shell"
1689,"Monsanto"
1690,"Monsanto"
1691,"Goldman Sachs"
1692,"Blackwater"
1693,"ExxonMobil"
1694,"Pfizer"
1695,"Lehman Brothers"
1696,"Lehman Brothers"
1697,"Philip Morris"
1698,"Lehman Brothers"
1699,"BP"
1700,"Shell"
1701,"Pfizer"
1702,"Equifax"
1703,"Facebook"
1704,"Halliburton"
1705,"McDonald's"
1706,"McDonald's"
1707,"Volkswagen"
1708,"Enron"
1709,"Halliburton"
1710,"Facebook"
1711,"Lehman Brothers"
1712,"Google"
1713,"Facebook"
1714,"BP"
1715,"Nestle"
1716,"BP"
1717,"Blackwater"
1718,"Uber"
1719,"Halliburton"
1720,"Coca-Cola"
1721,"Philip Morris"
1722,"Amazon"
1723,"Walmart"
1724,"Equifax"
1725,"Uber"
1726,"BP"
1727,"Lehman Brothers"
1728,"Google"
1729,"BP"
1730,"Walmart"
1731,"ExxonMobil"
1732,"Halliburton"
1733,"Google"
1734,"Walmart"
1735,"Volkswagen"
1736,"Yahoo"
1737,"Google"
1738,"McDonald's"
1739,"Equifax"
1740,"Goldman Sachs"
1741,"Johnson & Johnson"
1742,"BP"
1743,"Pfizer"
1744,"Coca-Cola"
1745,"Yahoo"
1746,"Equifax"
1747,"Takata"
1748,"Monsanto"
1749,"Philip Morris"
1750,"Amazon"
1751,"Volkswagen"
1752,"Amazon"
1753,"Amazon"
1754,"BP"
1755,"Nike"
1756,"Uber"
1757,"Blackwater"
1758,"Nike"
1759,"Monsanto"
1760,"Walmart"
1761,"Takata"
1762,"Goldman Sachs"
1763,"Walmart"
1764,"Blackwater"
1765,"Facebook"
1766,"Johnson & Johnson"
1767,"Walmart"
1768,"Uber"
1769,"Enron"
1770,"Coca-Cola"
1771,"Nike"
1772,"Amazon"
1773,"Yahoo"
1774,"Blackwater"
1775,"Nike"
1776,"Google"
1777,"Philip Morris"
1778,"Pfizer"
1779,"Amazon"
1780,"Walmart"
1781,"McDonald's"
1782,"Volkswagen"
1783,"Yahoo"
1784,"Nike"
1785,"Uber"
1786,"Amazon"
1787,"Goldman Sachs"
1788,"Goldman Sachs"
1789,"Nestle"
1790,"Amazon"
1791,"Equifax"
1792,"Monsanto"
1793,"Shell"
1794,"Coca-Cola"
1795,"Enron"
1796,"Lehman Brothers"
1797,"Uber"
1798,"ExxonMobil"
1799,"McDonald's"
1800,"Walmart"
1801,"Shell"
1802,"Philip Morris"
1803,"Blackwater"
1804,"Takata"
1805,"Google"
1806,"Google"
1807,"Equifax"
1808,"Nestle"
1809,"Coca-Cola"
1810,"Nike"
1811,"Facebook"
1812,"Monsanto"
1813,"Enron"
1814,"Halliburton"
1815,"Yahoo"
1816,"Equifax"
1817,"Enron"
1818,"Pfizer"
1819,"McDonald's"
1820,"Blackwater"
1821,"Equifax"
1822,"Philip Morris"
1823,"Nestle"
1824,"Nike"
1825,"Nestle"
1826,"Blackwater"
1827,"Philip Morris"
1828,"Uber"
1829,"McDonald's"
1830,"Google"
1831,"Nestle"
1832,"McDonald's"
1833,"Lehman Brothers"
1834,"Halliburton"
1835,"Uber"
1836,"Shell"
1837,"Facebook"
1838,"Uber"
1839,"Blackwater"
1840,"Halliburton"
1841,"Equifax"
1842,"ExxonMobil"
1843,"Walmart"
1844,"BP"
1845,"Uber"
1846,"Google"
1847,"Halliburton"
1848,"Amazon"
1849,"McDonald's"
1850,"Equifax"
1851,"Volkswagen"
1852,"Volkswagen"
1853,"Nike"
1854,"Volkswagen"
1855,"Amazon"
1856,"Johnson & Johnson"
1857,"Facebook"
1858,"Pfizer"
1859,"Takata"
1860,"Walmart"
1861,"Facebook"
1862,"ExxonMobil"
1863,"Johnson & Johnson"
1864,"Google"
1865,"Walmart"
1866,"Lehman Brothers"
1867,"Lehman Brothers"
1868,"Pfizer"
1869,"Coca-Cola"
1870,"Goldman Sachs"
1871,"Volkswagen"
1872,"Volkswagen"
1873,"Enron"
1874,"Walmart"
1875,"Takata"
1876,"Blackwater"
1877,"Halliburton"
1878,"Uber"
1879,"Nike"
1880,"Facebook"
1881,"Shell"
1882,"Uber"
1883,"Amazon"
1884,"Google"
1885,"Facebook"
1886,"Blackwater"
1887,"Nike"
1888,"McDonald's"
1889,"BP"
1890,"McDonald's"
1891,"Lehman Brothers"
1892,"Blackwater"
1893,"Yahoo"
1894,"Johnson & Johnson"
1895,"Johnson & Johnson"
1896,"Yahoo"
1897,"Volkswagen"
1898,"Yahoo"
1899,"Facebook"
1900,"Volkswagen"
1901,"Nike"
1902,"ExxonMobil"
1903,"ExxonMobil"
1904,"Halliburton"
1905,"Takata"
1906,"Goldman Sachs"
1907,"Amazon"
1908,"Shell"
1909,"Johnson & Johnson"
1910,"Nestle"
1911,"Shell"
1912,"Philip Morris"
1913,"Nike"
1914,"Equifax"
1915,"Google"
1916,"Lehman Brothers"
1917,"Nike"
1918,"Amazon"
1919,"Halliburton"
1920,"Walmart"
1921,"Amazon"
1922,"Walmart"
1923,"Walmart"
1924,"Johnson & Johnson"
1925,"Takata"
1926,"Equifax"
1927,"Walmart"
1928,"Johnson & Johnson"
1929,"Goldman Sachs"
1930,"ExxonMobil"
1931,"Lehman Brothers"
1932,"Volkswagen"
1933,"Nestle"
1934,"Nike"
1935,"Facebook"
1936,"Nike"
1937,"Coca-Cola"
1938,"Volkswagen"
1939,"Lehman Brothers"
1940,"Monsanto"
1941,"Facebook"
1942,"Blackwater"
1943,"Enron"
1944,"Enron"
1945,"Takata"
1946,"Google"
1947,"Volkswagen"
1948,"Takata"
1949,"Johnson & Johnson"
1950,"Goldman Sachs"
1951,"Halliburton"
1952,"ExxonMobil"
1953,"Uber"
1954,"Equifax"
1955,"Goldman Sachs"
1956,"Facebook"
1957,"Nestle"
1958,"Johnson & Johnson"
1959,"Halliburton"
1960,"Volkswagen"
1961,"Enron"
1962,"Amazon"
1963,"Lehman Brothers"
1964,"Google"
1965,"Pfizer"
1966,"Volkswagen"
1967,"Shell"
1968,"BP"
1969,"Goldman Sachs"
1970,"Shell"
1971,"ExxonMobil"
1972,"Takata"
1973,"Monsanto"
1974,"Coca-Cola"
1975,"Amazon"
1976,"Facebook"
1977,"Volkswagen"
1978,"Pfizer"
1979,"Equifax"
1980,"ExxonMobil"
1981,"Coca-Cola"
1982,"Equifax"
1983,"Amazon"
1984,"BP"
1985,"Uber"
1986,"Nike"
1987,"Nestle"
1988,"Equifax"
1989,"Coca-Cola"
1990,"Monsanto"
1991,"Yahoo"
1992,"Uber"
1993,"Equifax"
1994,"Yahoo"
1995,"Uber"
1996,"Shell"
1997,"Yahoo"
1998,"Nestle"
1999,"Nike"
2000,"Yahoo"
2001,"Goldman Sachs"
2002,"Equifax"
2003,"Johnson & Johnson"
2004,"Halliburton"
2005,"Blackwater"
2006,"Nestle"
2007,"Blackwater"
2008,"Enron"
2009,"McDonald's"
2010,"Equifax"
2011,"Johnson & Johnson"
2012,"Volkswagen"
2013,"Facebook"
2014,"Google"
2015,"Enron"
2016,"Walmart"
2017,"Walmart"
2018,"McDonald's"
2019,"Philip Morris"
2020,"Nestle"
2021,"Halliburton"
2022,"Goldman Sachs"
2023,"Enron"
2024,"Johnson & Johnson"
2025,"ExxonMobil"
2026,"Equifax"
2027,"Enron"
2028,"Johnson & Johnson"
2029,"Monsanto"
2030,"McDonald's"
2031,"ExxonMobil"
2032,"Nestle"
2033,"Johnson & Johnson"
2034,"Goldman Sachs"
2035,"Lehman Brothers"
2036,"Shell"
2037,"Halliburton"
2038,"Uber"
2039,"Nike"
2040,"Johnson & Johnson"
2041,"Nike"
2042,"Philip Morris"
2043,"Nestle"
2044,"Blackwater"
2045,"Walmart"
2046,"ExxonMobil"
2047,"Enron"
2048,"Yahoo"
2049,"Pfizer"
2050,"Johnson & Johnson"
2051,"McDonald's"
2052,"Equifax"
2053,"Blackwater"
2054,"Enron"
2055,"Google"
2056,"Walmart"
2057,"Facebook"
2058,"BP"
2059,"Pfizer"
2060,"Google"
2061,"ExxonMobil"
2062,"ExxonMobil"
2063,"Goldman Sachs"
2064,"Takata"
2065,"Pfizer"
2066,"Coca-Cola"
2067,"Johnson & Johnson"
2068,"McDonald's"
2069,"Blackwater"
2070,"Blackwater"
2071,"Blackwater"
2072,"Google"
2073,"Takata"
2074,"Facebook"
2075,"BP"
2076,"Nestle"
2077,"Equifax"
2078,"Nike"
2079,"Uber"
2080,"Takata"
2081,"Nike"
2082,"Philip Morris"
2083,"Amazon"
2084,"Monsanto"
2085,"Johnson & Johnson"
2086,"Lehman Brothers"
2087,"Blackwater"
2088,"Takata"
2089,"Halliburton"
2090,"Equifax"
2091,"Goldman Sachs"
2092,"Goldman Sachs"
2093,"Halliburton"
2094,"Pfizer"
2095,"Coca-Cola"
2096,"Enron"
2097,"Volkswagen"
2098,"Johnson & Johnson"
2099,"BP"
2100,"Lehman Brothers"
2101,"Goldman Sachs"
2102,"Amazon"
2103,"Blackwater"
2104,"Nestle"
2105,"McDonald's"
2106,"Shell"
2107,"Coca-Cola"
2108,"Shell"
2109,"Yahoo"
2110,"BP"
2111,"ExxonMobil"
2112,"Volkswagen"
2113,"Facebook"
2114,"Yahoo"
2115,"Takata"
2116,"Johnson & Johnson"
2117,"Lehman Brothers"
2118,"Coca-Cola"
2119,"Yahoo"
2120,"Blackwater"
2121,"Pfizer"
2122,"Yahoo"
2123,"Volkswagen"
2124,"Shell"
2125,"Nike"
2126,"Monsanto"
2127,"Walmart"
2128,"Johnson & Johnson"
2129,"Equifax"
2130,"Philip Morris"
2131,"Coca-Cola"
2132,"Facebook"
2133,"Takata"
2134,"Volkswagen"
2135,"Volkswagen"
2136,"McDonald's"
2137,"Lehman Brothers"
2138,"Coca-Cola"
2139,"Amazon"
2140,"Equifax"
2141,"Philip Morris"
2142,"Blackwater"
2143,"Facebook"
2144,"Volkswagen"
2145,"Volkswagen"
2146,"Pfizer"
2147,"Pfizer"
2148,"Google"
2149,"Enron"
2150,"Walmart"
2151,"Walmart"
2152,"Nike"
2153,"Nike"
2154,"ExxonMobil"
2155,"Halliburton"
2156,"ExxonMobil"
2157,"Lehman Brothers"
2158,"McDonald's"
2159,"McDonald's"
2160,"BP"
2161,"Halliburton"
2162,"Equifax"
2163,"Yahoo"
2164,"ExxonMobil"
2165,"Philip Morris"
2166,"Equifax"
2167,"Takata"
2168,"Amazon"
2169,"Philip Morris"
2170,"Pfizer"
2171,"Lehman Brothers"
2172,"Nestle"
2173,"Johnson & Johnson"
2174,"Enron"
2175,"BP"
2176,"Volkswagen"
2177,"Walmart"
2178,"Coca-Cola"
2179,"Lehman Brothers"
2180,"Pfizer"
2181,"Takata"
2182,"Pfizer"
2183,"Pfizer"
2184,"Coca-Cola"
2185,"Philip Morris"
2186,"Lehman Brothers"
2187,"Pfizer"
2188,"ExxonMobil"
2189,"Goldman Sachs"
2190,"Nike"
2191,"Monsanto"
2192,"Shell"
2193,"Amazon"
2194,"Equifax"
2195,"Amazon"
2196,"Coca-Cola"
2197,"Philip Morris"
2198,"ExxonMobil"
2199,"Monsanto"
2200,"Shell"
2201,"Coca-Cola"
2202,"Nike"
2203,"Nike"
2204,"ExxonMobil"
2205,"Coca-Cola"
2206,"Takata"
2207,"Pfizer"
2208,"Equifax"
2209,"BP"
2210,"Takata"
2211,"Shell"
2212,"Blackwater"
2213,"Facebook"
2214,"Uber"
2215,"Equifax"
2216,"Google"
2217,"Coca-Cola"
2218,"Shell"
2219,"Shell"
2220,"McDonald's"
2221,"Coca-Cola"
2222,"Google"
2223,"Lehman Brothers"
2224,"Google"
2225,"Lehman Brothers"
2226,"Nestle"
2227,"Nike"
2228,"Google"
2229,"Pfizer"
2230,"Enron"
2231,"Goldman Sachs"
2232,"Walmart"
2233,"BP"
2234,"Philip Morris"
2235,"McDonald's"
2236,"Amazon"
2237,"Pfizer"
2238,"Amazon"
2239,"Monsanto"
2240,"Shell"
2241,"Google"
2242,"Coca-Cola"
2243,"Facebook"
2244,"Google"
2245,"Blackwater"
2246,"Yahoo"
2247,"Shell"
2248,"Johnson & Johnson"
2249,"Monsanto"
2250,"Takata"
2251,"Uber"
2252,"Takata"
2253,"Enron"
2254,"Coca-Cola"
2255,"Halliburton"
2256,"Coca-Cola"
2257,"Yahoo"
2258,"Monsanto"
2259,"Google"
2260,"BP"
2261,"Uber"
2262,"Monsanto"
2263,"McDonald's"
2264,"Blackwater"
2265,"McDonald's"
2266,"Amazon"
2267,"Philip Morris"
2268,"BP"
2269,"Volkswagen"
2270,"Facebook"
2271,"Equifax"
2272,"Volkswagen"
2273,"Amazon"
2274,"Yahoo"
2275,"Shell"
2276,"BP"
2277,"Lehman Brothers"
2278,"Monsanto"
2279,"Volkswagen"
2280,"Pfizer"
2281,"Nike"
2282,"Lehman Brothers"
2283,"Amazon"
2284,"Walmart"
2285,"Pfizer"
2286,"Johnson & Johnson"
2287,"Nestle"
2288,"Takata"
2289,"BP"
2290,"Halliburton"
2291,"Blackwater"
2292,"Amazon"
2293,"BP"
2294,"Takata"
2295,"Takata"
2296,"Volkswagen"
2297,"Yahoo"
2298,"Yahoo"
2299,"Volkswagen"
2300,"Philip Morris"
2301,"Nike"
2302,"Takata"
2303,"Google"
2304,"Nestle"
2305,"Monsanto"
2306,"Google"
2307,"Yahoo"
2308,"Lehman Brothers"
2309,"Equifax"
2310,"Shell"
2311,"Pfizer"
2312,"Walmart"
2313,"Uber"
2314,"BP"
2315,"Amazon"
2316,"Johnson & Johnson"
2317,"Google"
2318,"Johnson & Johnson"
2319,"Coca-Cola"
2320,"Uber"
2321,"Halliburton"
2322,"Pfizer"
2323,"BP"
2324,"Coca-Cola"
2325,"Volkswagen"
2326,"Johnson & Johnson"
2327,"Blackwater"
2328,"Nike"
2329,"Pfizer"
2330,"Halliburton"
2331,"Monsanto"
2332,"Pfizer"
2333,"McDonald's"
2334,"Halliburton"
2335,"Enron"
2336,"Facebook"
2337,"Enron"
2338,"ExxonMobil"
2339,"Uber"
2340,"Monsanto"
2341,"Shell"
2342,"Yahoo"
2343,"Lehman Brothers"
2344,"Google"
2345,"Takata"
2346,"Yahoo"
2347,"Google"
2348,"Nestle"
2349,"Monsanto"
2350,"Enron"
2351,"Takata"
2352,"Walmart"
2353,"Johnson & Johnson"
2354,"Equifax"
2355,"Lehman Brothers"
2356,"Johnson & Johnson"
2357,"Halliburton"
2358,"Takata"
2359,"Yahoo"
2360,"Pfizer"
2361,"Pfizer"
2362,"Facebook"
2363,"Nike"
2364,"Facebook"
2365,"Nestle"
2366,"Goldman Sachs"
2367,"Amazon"
2368,"Equifax"
2369,"Google"
2370,"Blackwater"
2371,"Blackwater"
2372,"McDonald's"
2373,"Walmart"
2374,"Coca-Cola"
2375,"Goldman Sachs"
2376,"Enron"
2377,"Johnson & Johnson"
2378,"Takata"
2379,"Goldman Sachs"
2380,"Takata"
2381,"Blackwater"
2382,"McDonald's"
2383,"Amazon"
2384,"Amazon"
2385,"Uber"
2386,"Goldman Sachs"
2387,"Lehman Brothers"
2388,"Volkswagen"
2389,"Nike"
2390,"Blackwater"
2391,"Lehman Brothers"
2392,"Lehman Brothers"
2393,"Goldman Sachs"
2394,"Goldman Sachs"
2395,"Yahoo"
2396,"Shell"
2397,"Johnson & Johnson"
2398,"Lehman Brothers"
2399,"Halliburton"
2400,"Facebook"
2401,"Goldman Sachs"
2402,"BP"
2403,"Shell"
2404,"Volkswagen"
2405,"BP"
2406,"Nestle"
2407,"Nestle"
2408,"McDonald's"
2409,"Uber"
2410,"Pfizer"
2411,"Facebook"
2412,"Pfizer"
2413,"Google"
2414,"McDonald's"
2415,"Lehman Brothers"
2416,"Amazon"
2417,"Enron"
2418,"Amazon"
2419,"Goldman Sachs"
2420,"Monsanto"
2421,"Monsanto"
2422,"Coca-Cola"
2423,"Nike"
2424,"ExxonMobil"
2425,"Google"
2426,"Yahoo"
2427,"ExxonMobil"
2428,"Volkswagen"
2429,"Walmart"
2430,"Yahoo"
2431,"Monsanto"
2432,"Nike"
2433,"Halliburton"
2434,"Coca-Cola"
2435,"Walmart"
2436,"Facebook"
2437,"Johnson & Johnson"
2438,"Coca-Cola"
2439,"Lehman Brothers"
2440,"Philip Morris"
2441,"Amazon"
2442,"Takata"
2443,"ExxonMobil"
2444,"Equifax"
2445,"Google"
2446,"Shell"
2447,"Monsanto"
2448,"Halliburton"
2449,"Equifax"
2450,"Lehman Brothers"
2451,"Pfizer"
2452,"Walmart"
2453,"Nestle"
2454,"Uber"
2455,"McDonald's"
2456,"Philip Morris"
2457,"ExxonMobil"
2458,"Nike"
2459,"BP"
2460,"Shell"
2461,"Halliburton"
2462,"BP"
2463,"BP"
2464,"Yahoo"
2465,"Goldman Sachs"
2466,"Walmart"
2467,"Takata"
2468,"Coca-Cola"
2469,"Enron"
2470,"Nike"
2471,"Blackwater"
2472,"Nike"
2473,"Volkswagen"
2474,"Halliburton"
2475,"Amazon"
2476,"Equifax"
2477,"Volkswagen"
2478,"Equifax"
2479,"Johnson & Johnson"
2480,"Walmart"
2481,"Pfizer"
2482,"Lehman Brothers"
2483,"Nike"
2484,"Nestle"
2485,"Johnson & Johnson"
2486,"Johnson & Johnson"
2487,"Coca-Cola"
2488,"Pfizer"
2489,"Uber"
2490,"Lehman Brothers"
2491,"Google"
2492,"ExxonMobil"
2493,"Philip Morris"
2494,"Volkswagen"
2495,"Goldman Sachs"
2496,"Pfizer"
2497,"Amazon"
2498,"Nestle"
2499,"Takata"
2500,"Amazon"
2501,"Lehman Brothers"
2502,"BP"
2503,"Facebook"
2504,"Yahoo"
2505,"Pfizer"
2506,"Equifax"
2507,"Shell"
2508,"Philip Morris"
2509,"Volkswagen"
2510,"ExxonMobil"
2511,"Coca-Cola"
2512,"Nike"
2513,"Facebook"
2514,"Coca-Cola"
2515,"Pfizer"
2516,"Enron"
2517,"Nestle"
2518,"Volkswagen"
2519,"Equifax"
2520,"Johnson & Johnson"
2521,"Nike"
2522,"Goldman Sachs"
2523,"BP"
2524,"Volkswagen"
2525,"Nestle"
2526,"Takata"
2527,"Takata"
2528,"Enron"
2529,"Nestle"
2530,"Facebook"
2531,"Uber"
2532,"Takata"
2533,"McDonald's"
2534,"ExxonMobil"
2535,"Goldman Sachs"
2536,"Amazon"
2537,"Nike"
2538,"Blackwater"
2539,"Yahoo"
2540,"Coca-Cola"
2541,"Goldman Sachs"
2542,"Coca-Cola"
2543,"Volkswagen"
2544,"Facebook"
2545,"Google"
2546,"Enron"
2547,"Pfizer"
2548,"Enron"
2549,"Shell"
2550,"Pfizer"
2551,"Nike"
2552,"Goldman Sachs"
2553,"Enron"
2554,"Nike"
2555,"Amazon"
2556,"Shell"
2557,"Shell"
2558,"Volkswagen"
2559,"Nestle"
2560,"Coca-Cola"
2561,"Volkswagen"
2562,"Goldman Sachs"
2563,"Lehman Brothers"
2564,"Goldman Sachs"
2565,"Pfizer"
2566,"Monsanto"
2567,"BP"
2568,"Coca-Cola"
2569,"Shell"
2570,"ExxonMobil"
2571,"BP"
2572,"ExxonMobil"
2573,"Shell"
2574,"Enron"
2575,"Google"
2576,"Uber"
2577,"ExxonMobil"
2578,"Enron"
2579,"Goldman Sachs"
2580,"Walmart"
2581,"Volkswagen"
2582,"Nestle"
2583,"Amazon"
2584,"Enron"
2585,"Nike"
2586,"Goldman Sachs"
2587,"Facebook"
2588,"Uber"
2589,"Google"
2590,"Volkswagen"
2591,"BP"
2592,"BP"
2593,"Monsanto"
2594,"Lehman Brothers"
2595,"Walmart"
2596,"Shell"
2597,"Facebook"
2598,"Monsanto"
2599,"Enron"
2600,"McDonald's"
2601,"Amazon"
2602,"BP"
2603,"Nike"
2604,"Equifax"
2605,"Google"
2606,"ExxonMobil"
2607,"Uber"
2608,"Nestle"
2609,"Monsanto"
2610,"Facebook"
2611,"Blackwater"
2612,"Pfizer"
2613,"Pfizer"
2614,"ExxonMobil"
2615,"Enron"
2616,"Facebook"
2617,"Uber"
2618,"Amazon"
2619,"Lehman Brothers"
2620,"Volkswagen"
2621,"Nestle"
2622,"Philip Morris"
2623,"Halliburton"
2624,"Google"
2625,"Volkswagen"
2626,"Monsanto"
2627,"Uber"
2628,"ExxonMobil"
2629,"Johnson & Johnson"
2630,"McDonald's"
2631,"Shell"
2632,"Coca-Cola"
2633,"Equifax"
2634,"Nestle"
2635,"Monsanto"
2636,"Pfizer"
2637,"Coca-Cola"
2638,"Blackwater"
2639,"Nestle"
2640,"Equifax"
2641,"Coca-Cola"
2642,"ExxonMobil"
2643,"Walmart"
2644,"Amazon"
2645,"Halliburton"
2646,"Lehman Brothers"
2647,"Google"
2648,"Philip Morris"
2649,"Philip Morris"
2650,"Pfizer"
2651,"Philip Morris"
2652,"Yahoo"
2653,"Google"
2654,"ExxonMobil"
2655,"Amazon"
2656,"Coca-Cola"
2657,"Nike"
2658,"Shell"
2659,"Volkswagen"
2660,"Goldman Sachs"
2661,"Blackwater"
2662,"Yahoo"
2663,"Goldman Sachs"
2664,"Goldman Sachs"
2665,"Shell"
2666,"Walmart"
2667,"Enron"
2668,"Johnson & Johnson"
2669,"Volkswagen"
2670,"Google"
2671,"Takata"
2672,"Walmart"
2673,"Uber"
2674,"Nike"
2675,"Pfizer"
2676,"Walmart"
2677,"Yahoo"
2678,"Johnson & Johnson"
2679,"BP"
2680,"Shell"
2681,"Takata"
2682,"Shell"
2683,"Volkswagen"
2684,"Halliburton"
2685,"Halliburton"
2686,"Google"
2687,"Lehman Brothers"
2688,"Amazon"
2689,"Coca-Cola"
2690,"Uber"
2691,"Uber"
2692,"Blackwater"
2693,"BP"
2694,"Coca-Cola"
2695,"Nestle"
2696,"Blackwater"
2697,"Nike"
2698,"Johnson & Johnson"
2699,"Amazon"
2700,"McDonald's"
2701,"Enron"
2702,"Enron"
2703,"BP"
2704,"Nestle"
2705,"Blackwater"
2706,"Blackwater"
2707,"Volkswagen"
2708,"Shell"
2709,"Amazon"
2710,"Facebook"
2711,"Pfizer"
2712,"Coca-Cola"
2713,"Volkswagen"
2714,"Amazon"
2715,"Volkswagen"
2716,"BP"
2717,"Blackwater"
2718,"Walmart"
2719,"Blackwater"
2720,"Amazon"
2721,"Enron"
2722,"Google"
2723,"Amazon"
2724,"Walmart"
2725,"Takata"
2726,"Lehman Brothers"
2727,"Halliburton"
2728,"Johnson & Johnson"
2729,"Blackwater"
2730,"Facebook"
2731,"Shell"
2732,"Amazon"
2733,"Blackwater"
2734,"Walmart"
2735,"Amazon"
2736,"Pfizer"
2737,"BP"
2738,"ExxonMobil"
2739,"Takata"
2740,"Yahoo"
2741,"Google"
2742,"Halliburton"
2743,"Johnson & Johnson"
2744,"Volkswagen"
2745,"BP"
2746,"Walmart"
2747,"Uber"
2748,"Yahoo"
2749,"Walmart"
2750,"Facebook"
2751,"BP"
2752,"Nestle"
2753,"Shell"
2754,"ExxonMobil"
2755,"Amazon"
2756,"Monsanto"
2757,"Halliburton"
2758,"Blackwater"
2759,"Amazon"
2760,"Blackwater"
2761,"Google"
2762,"Google"
2763,"Enron"
2764,"Walmart"
2765,"Pfizer"
2766,"Yahoo"
2767,"Amazon"
2768,"Facebook"
2769,"Volkswagen"
2770,"Amazon"
2771,"Nike"
2772,"Yahoo"
2773,"Takata"
2774,"Uber"
2775,"Philip Morris"
2776,"Walmart"
2777,"Philip Morris"
2778,"Philip Morris"
2779,"Equifax"
2780,"Coca-Cola"
2781,"Blackwater"
2782,"Halliburton"
2783,"Google"
2784,"McDonald's"
2785,"Yahoo"
2786,"Lehman Brothers"
2787,"Enron"
2788,"Coca-Cola"
2789,"Facebook"
2790,"McDonald's"
2791,"Shell"
2792,"Shell"
2793,"Goldman Sachs"
2794,"Nike"
2795,"Nike"
2796,"Takata"
2797,"Monsanto"
2798,"Coca-Cola"
2799,"Shell"
2800,"ExxonMobil"
2801,"Monsanto"
2802,"Amazon"
2803,"Philip Morris"
2804,"Coca-Cola"
2805,"Monsanto"
2806,"Amazon"
2807,"Monsanto"
2808,"ExxonMobil"
2809,"Nestle"
2810,"Uber"
2811,"Amazon"
2812,"Coca-Cola"
2813,"ExxonMobil"
2814,"Nike"
2815,"Volkswagen"
2816,"Pfizer"
2817,"Uber"
2818,"Yahoo"
2819,"Facebook"
2820,"BP"
2821,"Lehman Brothers"
2822,"Uber"
2823,"McDonald's"
2824,"Shell"
2825,"Equifax"
2826,"BP"
2827,"Coca-Cola"
2828,"Google"
2829,"Shell"
2830,"Uber"
2831,"Goldman Sachs"
2832,"Shell"
2833,"Monsanto"
2834,"Blackwater"
2835,"Uber"
2836,"BP"
2837,"Google"
2838,"Yahoo"
2839,"Nestle"
2840,"BP"
2841,"Google"
2842,"Philip Morris"
2843,"Halliburton"
2844,"Goldman Sachs"
2845,"Blackwater"
2846,"Volkswagen"
2847,"Walmart"
2848,"Pfizer"
2849,"Coca-Cola"
2850,"BP"
2851,"Yahoo"
2852,"Nike"
2853,"Monsanto"
2854,"Takata"
2855,"Coca-Cola"
2856,"Coca-Cola"
2857,"Monsanto"
2858,"Walmart"
2859,"ExxonMobil"
2860,"Amazon"
2861,"Takata"
2862,"Facebook"
2863,"Amazon"
2864,"Facebook"
2865,"Pfizer"
2866,"Volkswagen"
2867,"Coca-Cola"
2868,"Monsanto"
2869,"Johnson & Johnson"
2870,"Volkswagen"
2871,"Nike"
2872,"Equifax"
2873,"McDonald's"
2874,"Amazon"
2875,"Philip Morris"
2876,"Goldman Sachs"
2877,"Walmart"
2878,"Walmart"
2879,"Blackwater"
2880,"Uber"
2881,"BP"
2882,"Volkswagen"
2883,"BP"
2884,"ExxonMobil"
2885,"Nestle"
2886,"Yahoo"
2887,"Yahoo"
2888,"McDonald's"
2889,"Yahoo"
2890,"Takata"
2891,"Monsanto"
2892,"Volkswagen"
2893,"Monsanto"
2894,"Amazon"
2895,"BP"
2896,"Facebook"
2897,"Facebook"
2898,"Amazon"
2899,"McDonald's"
2900,"Blackwater"
2901,"Johnson & Johnson"
2902,"Volkswagen"
2903,"Volkswagen"
2904,"Volkswagen"
2905,"Nestle"
2906,"Halliburton"
2907,"Uber"
2908,"Volkswagen"
2909,"Equifax"
2910,"Google"
2911,"Volkswagen"
2912,"Walmart"
2913,"Uber"
2914,"BP"
2915,"Blackwater"
2916,"Yahoo"
2917,"Goldman Sachs"
2918,"Monsanto"
2919,"Uber"
2920,"Nestle"
2921,"Walmart"
2922,"Shell"
2923,"Johnson & Johnson"
2924,"Amazon"
2925,"Nestle"
2926,"Nike"
2927,"Lehman Brothers"
2928,"Facebook"
2929,"Nestle"
2930,"Halliburton"
2931,"Monsanto"
2932,"Halliburton"
2933,"BP"
2934,"ExxonMobil"
2935,"Nestle"
2936,"Coca-Cola"
2937,"Pfizer"
2938,"Johnson & Johnson"
2939,"Philip Morris"
2940,"Nestle"
2941,"Halliburton"
2942,"Walmart"
2943,"Coca-Cola"
2944,"Google"
2945,"Lehman Brothers"
2946,"Takata"
2947,"Equifax"
2948,"Google"
2949,"BP"
2950,"Amazon"
2951,"Philip Morris"
2952,"Nestle"
2953,"Lehman Brothers"
2954,"Google"
2955,"Facebook"
2956,"Johnson & Johnson"
2957,"Equifax"
2958,"Philip Morris"
2959,"Shell"
2960,"Philip Morris"
2961,"Enron"
2962,"McDonald's"
2963,"Enron"
2964,"Philip Morris"
2965,"Volkswagen"
2966,"Shell"
2967,"BP"
2968,"Philip Morris"
2969,"Yahoo"
2970,"Blackwater"
2971,"ExxonMobil"
2972,"Facebook"
2973,"Lehman Brothers"
2974,"Halliburton"
2975,"Monsanto"
2976,"Lehman Brothers"
2977,"Yahoo"
2978,"Philip Morris"
2979,"Halliburton"
2980,"Amazon"
2981,"Yahoo"
2982,"Volkswagen"
2983,"Amazon"
2984,"Volkswagen"
2985,"Shell"
2986,"Amazon"
2987,"Shell"
2988,"Uber"
2989,"Amazon"
2990,"Nestle"
2991,"Walmart"
2992,"Amazon"
2993,"Volkswagen"
2994,"Nike"
2995,"Pfizer"
2996,"Johnson & Johnson"
2997,"Pfizer"
2998,"Equifax"
2999,"Google"
3000,"Shell"
3001,"Pfizer"
3002,"Yahoo"
3003,"Facebook"
3004,"ExxonMobil"
3005,"Facebook"
3006,"Equifax"
3007,"Halliburton"
3008,"Amazon"
3009,"Walmart"
3010,"Amazon"
3011,"Lehman Brothers"
3012,"McDonald's"
3013,"Yahoo"
3014,"Uber"
3015,"Walmart"
3016,"Uber"
3017,"Coca-Cola"
3018,"Yahoo"
3019,"Shell"
3020,"Walmart"
3021,"Philip Morris"
3022,"Nestle"
3023,"Nestle"
3024,"McDonald's"
3025,"Goldman Sachs"
3026,"Monsanto"
3027,"Johnson & Johnson"
3028,"Goldman Sachs"
3029,"Equifax"
3030,"Uber"
3031,"Takata"
3032,"Nestle"
3033,"Halliburton"
3034,"Google"
3035,"Philip Morris"
3036,"Johnson & Johnson"
3037,"Uber"
3038,"Volkswagen"
3039,"Goldman Sachs"
3040,"Amazon"
3041,"Facebook"
3042,"Halliburton"
3043,"Goldman Sachs"
3044,"Walmart"
3045,"Nike"
3046,"Lehman Brothers"
3047,"Enron"
3048,"Enron"
3049,"Johnson & Johnson"
3050,"Lehman Brothers"
3051,"Halliburton"
3052,"Philip Morris"
3053,"Volkswagen"
3054,"Halliburton"
3055,"Yahoo"
3056,"BP"
3057,"Yahoo"
3058,"Nike"
3059,"Coca-Cola"
3060,"Nestle"
3061,"Yahoo"
3062,"Google"
3063,"McDonald's"
3064,"Amazon"
3065,"Volkswagen"
3066,"Enron"
3067,"Takata"
3068,"McDonald's"
3069,"Goldman Sachs"
3070,"Lehman Brothers"
3071,"Equifax"
3072,"Yahoo"
3073,"Shell"
3074,"Google"
3075,"Goldman Sachs"
3076,"Lehman Brothers"
3077,"Volkswagen"
3078,"Shell"
3079,"Enron"
3080,"Blackwater"
3081,"Blackwater"
3082,"Enron"
3083,"Equifax"
3084,"Nestle"
3085,"Philip Morris"
3086,"Goldman Sachs"
3087,"Facebook"
3088,"ExxonMobil"
3089,"Equifax"
3090,"BP"
3091,"Volkswagen"
3092,"Blackwater"
3093,"Blackwater"
3094,"ExxonMobil"
3095,"ExxonMobil"
3096,"Nike"
3097,"Google"
3098,"Goldman Sachs"
3099,"Lehman Brothers"
3100,"Equifax"
3101,"Blackwater"
3102,"Nike"
3103,"Lehman Brothers"
3104,"Walmart"
3105,"Philip Morris"
3106,"Goldman Sachs"
3107,"Uber"
3108,"Enron"
3109,"Coca-Cola"
3110,"Takata"
3111,"Walmart"
3112,"Blackwater"
3113,"Lehman Brothers"
3114,"Nike"
3115,"Shell"
3116,"Walmart"
3117,"Blackwater"
3118,"Philip Morris"
3119,"Lehman Brothers"
3120,"McDonald's"
3121,"Uber"
3122,"McDonald's"
3123,"Google"
3124,"Goldman Sachs"
3125,"Philip Morris"
3126,"Johnson & Johnson"
3127,"Blackwater"
3128,"Shell"
3129,"Nike"
3130,"Uber"
3131,"Monsanto"
3132,"Halliburton"
3133,"McDonald's"
3134,"Goldman Sachs"
3135,"Walmart"
3136,"BP"
3137,"Equifax"
3138,"Philip Morris"
3139,"BP"
3140,"Johnson & Johnson"
3141,"McDonald's"
3142,"McDonald's"
3143,"Amazon"
3144,"Shell"
3145,"Amazon"
3146,"Equifax"
3147,"Nike"
3148,"Coca-Cola"
3149,"Volkswagen"
3150,"BP"
3151,"Equifax"
3152,"ExxonMobil"
3153,"Johnson & Johnson"
3154,"Philip Morris"
3155,"BP"
3156,"Amazon"
3157,"Enron"
3158,"Pfizer"
3159,"Amazon"
3160,"Uber"
3161,"Monsanto"
3162,"Yahoo"
3163,"Halliburton"
3164,"Blackwater"
3165,"Nike"
3166,"Takata"
3167,"Goldman Sachs"
3168,"Takata"
3169,"Blackwater"
3170,"Takata"
3171,"Coca-Cola"
3172,"Coca-Cola"
3173,"Halliburton"
3174,"Goldman Sachs"
3175,"Uber"
3176,"BP"
3177,"Volkswagen"
3178,"Monsanto"
3179,"Philip Morris"
3180,"Blackwater"
3181,"Shell"
3182,"Nike"
3183,"Nike"
3184,"Walmart"
3185,"Facebook"
3186,"Lehman Brothers"
3187,"Uber"
3188,"Nike"
3189,"Philip Morris"
3190,"Nestle"
3191,"McDonald's"
3192,"Blackwater"
3193,"McDonald's"
3194,"McDonald's"
3195,"Johnson & Johnson"
3196,"Pfizer"
3197,"Philip Morris"
3198,"Amazon"
3199,"Nike"
3200,"Nestle"
3201,"Coca-Cola"
3202,"Enron"
3203,"Nike"
3204,"Shell"
3205,"Pfizer"
3206,"Equifax"
3207,"Pfizer"
3208,"Google"
3209,"Equifax"
3210,"Facebook"
3211,"Coca-Cola"
3212,"BP"
3213,"Nestle"
3214,"Uber"
3215,"Halliburton"
3216,"Equifax"
3217,"Goldman Sachs"
3218,"Walmart"
3219,"Takata"
3220,"BP"
3221,"Enron"
3222,"Pfizer"
3223,"Takata"
3224,"Amazon"
3225,"Amazon"
3226,"Coca-Cola"
3227,"Monsanto"
3228,"Nike"
3229,"Volkswagen"
3230,"Pfizer"
3231,"Yahoo"
3232,"Coca-Cola"
3233,"Volkswagen"
3234,"Shell"
3235,"Lehman Brothers"
3236,"Walmart"
3237,"Google"
3238,"Equifax"
3239,"Google"
3240,"McDonald's"
3241,"Uber"
3242,"Volkswagen"
3243,"Yahoo"
3244,"Nestle"
3245,"Equifax"
3246,"Google"
3247,"Equifax"
3248,"Coca-Cola"
3249,"Nike"
3250,"Monsanto"
3251,"Enron"
3252,"Nestle"
3253,"Johnson & Johnson"
3254,"Monsanto"
3255,"Goldman Sachs"
3256,"Lehman Brothers"
3257,"Goldman Sachs"
3258,"Blackwater"
3259,"Shell"
3260,"Equifax"
3261,"Uber"
3262,"Monsanto"
3263,"Lehman Brothers"
3264,"Facebook"
3265,"Nike"
3266,"Nestle"
3267,"ExxonMobil"
3268,"Enron"
3269,"Nestle"
3270,"Lehman Brothers"
3271,"Enron"
3272,"Blackwater"
3273,"Uber"
3274,"Uber"
3275,"Volkswagen"
3276,"Monsanto"
3277,"Takata"
3278,"Coca-Cola"
3279,"Blackwater"
3280,"Takata"
3281,"Facebook"
3282,"Google"
3283,"Pfizer"
3284,"Nike"
3285,"Johnson & Johnson"
3286,"BP"
3287,"ExxonMobil"
3288,"Equifax"
3289,"ExxonMobil"
3290,"Lehman Brothers"
3291,"Google"
3292,"Nestle"
3293,"Yahoo"
3294,"Nestle"
3295,"Philip Morris"
3296,"Amazon"
3297,"Yahoo"
3298,"Nike"
3299,"Yahoo"
3300,"Uber"
3301,"Monsanto"
3302,"McDonald's"
3303,"Goldman Sachs"
3304,"Amazon"
3305,"Monsanto"
3306,"Google"
3307,"Pfizer"
3308,"Takata"
3309,"Uber"
3310,"Takata"
3311,"Google"
3312,"Halliburton"
3313,"Monsanto"
3314,"Halliburton"
3315,"Pfizer"
3316,"Blackwater"
3317,"McDonald's"
3318,"Coca-Cola"
3319,"Shell"
3320,"Enron"
3321,"Goldman Sachs"
3322,"Volkswagen"
3323,"Google"
3324,"Yahoo"
3325,"Monsanto"
3326,"Walmart"
3327,"Philip Morris"
3328,"Goldman Sachs"
3329,"Yahoo"
3330,"Takata"
3331,"Halliburton"
3332,"McDonald's"
3333,"Goldman Sachs"
3334,"Volkswagen"
3335,"Blackwater"
3336,"Facebook"
3337,"Coca-Cola"
3338,"Volkswagen"
3339,"Goldman Sachs"
3340,"Pfizer"
3341,"McDonald's"
3342,"Blackwater"
3343,"Uber"
3344,"Johnson & Johnson"
3345,"Equifax"
3346,"Equifax"
3347,"Nike"
3348,"Amazon"
3349,"Facebook"
3350,"Walmart"
3351,"Pfizer"
3352,"Pfizer"
3353,"ExxonMobil"
3354,"Volkswagen"
3355,"McDonald's"
3356,"Coca-Cola"
3357,"BP"
3358,"Uber"
3359,"Nike"
3360,"Johnson & Johnson"
3361,"Enron"
3362,"Monsanto"
3363,"Uber"
3364,"Amazon"
3365,"Nike"
3366,"BP"
3367,"Coca-Cola"
3368,"Philip Morris"
3369,"Shell"
3370,"Google"
3371,"Nike"
3372,"Pfizer"
3373,"BP"
3374,"ExxonMobil"
3375,"Lehman Brothers"
3376,"Goldman Sachs"
3377,"Walmart"
3378,"Nike"
3379,"Nike"
3380,"McDonald's"
3381,"ExxonMobil"
3382,"Blackwater"
3383,"Google"
3384,"McDonald's"
3385,"McDonald's"
3386,"Nestle"
3387,"Google"
3388,"Yahoo"
3389,"Halliburton"
3390,"Halliburton"
3391,"Volkswagen"
3392,"Amazon"
3393,"Nestle"
3394,"Yahoo"
3395,"Pfizer"
3396,"Halliburton"
3397,"McDonald's"
3398,"Shell"
3399,"Google"
3400,"Blackwater"
3401,"McDonald's"
3402,"Uber"
3403,"Shell"
3404,"Johnson & Johnson"
3405,"Halliburton"
3406,"Blackwater"
3407,"Monsanto"
3408,"Philip Morris"
3409,"Uber"
3410,"Philip Morris"
3411,"Google"
3412,"Goldman Sachs"
3413,"BP"
3414,"ExxonMobil"
3415,"Google"
3416,"Pfizer"
3417,"Volkswagen"
3418,"Yahoo"
3419,"Yahoo"
3420,"Enron"
3421,"Halliburton"
3422,"Nestle"
3423,"Uber"
3424,"Blackwater"
3425,"Pfizer"
3426,"Shell"
3427,"Facebook"
3428,"BP"
3429,"Uber"
3430,"Yahoo"
3431,"Johnson & Johnson"
3432,"Shell"
3433,"Yahoo"
3434,"Lehman Brothers"
3435,"Amazon"
3436,"Monsanto"
3437,"Enron"
3438,"Nestle"
3439,"Amazon"
3440,"Uber"
3441,"Shell"
3442,"McDonald's"
3443,"Uber"
3444,"Johnson & Johnson"
3445,"Yahoo"
3446,"Enron"
3447,"Nestle"
3448,"Johnson & Johnson"
3449,"Enron"
3450,"ExxonMobil"
3451,"Johnson & Johnson"
3452,"Takata"
3453,"Amazon"
3454,"Philip Morris"
3455,"ExxonMobil"
3456,"Shell"
3457,"Goldman Sachs"
3458,"Halliburton"
3459,"Shell"
3460,"Amazon"
3461,"Volkswagen"
3462,"Facebook"
3463,"Pfizer"
3464,"Equifax"
3465,"Nestle"
3466,"Volkswagen"
3467,"Blackwater"
3468,"Blackwater"
3469,"Volkswagen"
3470,"McDonald's"
3471,"Facebook"
3472,"BP"
3473,"Goldman Sachs"
3474,"Halliburton"
3475,"Shell"
3476,"Johnson & Johnson"
3477,"Johnson & Johnson"
3478,"McDonald's"
3479,"Shell"
3480,"Monsanto"
3481,"ExxonMobil"
3482,"Lehman Brothers"
3483,"Pfizer"
3484,"Equifax"
3485,"Amazon"
3486,"Coca-Cola"
3487,"Coca-Cola"
3488,"Shell"
3489,"Goldman Sachs"
3490,"Halliburton"
3491,"BP"
3492,"Coca-Cola"
3493,"Nestle"
3494,"Philip Morris"
3495,"Coca-Cola"
3496,"Walmart"
3497,"Walmart"
3498,"Monsanto"
3499,"BP"
3500,"Uber"
3501,"BP"
3502,"Johnson & Johnson"
3503,"Shell"
3504,"Nike"
3505,"Coca-Cola"
3506,"Blackwater"
3507,"Uber"
3508,"Takata"
3509,"Uber"
3510,"Equifax"
3511,"McDonald's"
3512,"Facebook"
3513,"Walmart"
3514,"Coca-Cola"
3515,"Walmart"
3516,"Philip Morris"
3517,"Walmart"
3518,"ExxonMobil"
3519,"Takata"
3520,"Equifax"
3521,"Enron"
3522,"Shell"
3523,"Equifax"
3524,"Coca-Cola"
3525,"Lehman Brothers"
3526,"Goldman Sachs"
3527,"McDonald's"
3528,"Nike"
3529,"Halliburton"
3530,"Google"
3531,"Johnson & Johnson"
3532,"Johnson & Johnson"
3533,"Facebook"
3534,"Nike"
3535,"Blackwater"
3536,"Amazon"
3537,"Lehman Brothers"
3538,"Facebook"
3539,"Google"
3540,"Coca-Cola"
3541,"Equifax"
3542,"Amazon"
3543,"Coca-Cola"
3544,"Shell"
3545,"Uber"
3546,"Pfizer"
3547,"McDonald's"
3548,"Equifax"
3549,"McDonald's"
3550,"Takata"
3551,"ExxonMobil"
3552,"Halliburton"
3553,"Walmart"
3554,"Shell"
3555,"Halliburton"
3556,"Johnson & Johnson"
3557,"Walmart"
3558,"Coca-Cola"
3559,"Volkswagen"
3560,"Monsanto"
3561,"McDonald's"
3562,"Walmart"
3563,"Blackwater"
3564,"Pfizer"
3565,"Equifax"
3566,"Halliburton"
3567,"Nestle"
3568,"Lehman Brothers"
3569,"Facebook"
3570,"Facebook"
3571,"Volkswagen"
3572,"Pfizer"
3573,"Nestle"
3574,"BP"
3575,"Johnson & Johnson"
3576,"Coca-Cola"
3577,"Uber"
3578,"Shell"
3579,"Monsanto"
3580,"Takata"
3581,"Blackwater"
3582,"Pfizer"
3583,"BP"
3584,"Volkswagen"
3585,"Blackwater"
3586,"BP"
3587,"Nestle"
3588,"Nestle"
3589,"Johnson & Johnson"
3590,"Johnson & Johnson"
3591,"Uber"
3592,"Halliburton"
3593,"Volkswagen"
3594,"Walmart"
3595,"Goldman Sachs"
3596,"Coca-Cola"
3597,"Shell"
3598,"Amazon"
3599,"Halliburton"
3600,"McDonald's"
3601,"Amazon"
3602,"Google"
3603,"Goldman Sachs"
3604,"Yahoo"
3605,"Monsanto"
3606,"BP"
3607,"Monsanto"
3608,"Shell"
3609,"Volkswagen"
3610,"Equifax"
3611,"Google"
3612,"Google"
3613,"Coca-Cola"
3614,"Philip Morris"
3615,"Volkswagen"
3616,"Halliburton"
3617,"Johnson & Johnson"
3618,"Google"
3619,"Coca-Cola"
3620,"Blackwater"
3621,"Pfizer"
3622,"Johnson & Johnson"
3623,"BP"
3624,"Takata"
3625,"Philip Morris"
3626,"Philip Morris"
3627,"Johnson & Johnson"
3628,"Monsanto"
3629,"Goldman Sachs"
3630,"Coca-Cola"
3631,"Philip Morris"
3632,"Yahoo"
3633,"Monsanto"
3634,"Amazon"
3635,"Enron"
3636,"Enron"
3637,"Amazon"
3638,"Enron"
3639,"McDonald's"
3640,"Goldman Sachs"
3641,"Google"
3642,"ExxonMobil"
3643,"Yahoo"
3644,"Equifax"
3645,"Monsanto"
3646,"Monsanto"
3647,"Philip Morris"
3648,"Halliburton"
3649,"Takata"
3650,"Enron"
3651,"Yahoo"
3652,"Blackwater"
3653,"Pfizer"
3654,"BP"
3655,"Pfizer"
3656,"Lehman Brothers"
3657,"Pfizer"
3658,"Lehman Brothers"
3659,"Monsanto"
3660,"Pfizer"
3661,"Yahoo"
3662,"ExxonMobil"
3663,"Halliburton"
3664,"Shell"
3665,"Pfizer"
3666,"Blackwater"
3667,"Yahoo"
3668,"Shell"
3669,"Johnson & Johnson"
3670,"Google"
3671,"Goldman Sachs"
3672,"Coca-Cola"
3673,"Goldman Sachs"
3674,"Shell"
3675,"Nestle"
3676,"Enron"
3677,"Amazon"
3678,"Nestle"
3679,"Yahoo"
3680,"Uber"
3681,"Johnson & Johnson"
3682,"ExxonMobil"
3683,"Volkswagen"
3684,"Coca-Cola"
3685,"Enron"
3686,"Google"
3687,"Equifax"
3688,"McDonald's"
3689,"Pfizer"
3690,"Philip Morris"
3691,"Yahoo"
3692,"Coca-Cola"
3693,"Enron"
3694,"McDonald's"
3695,"McDonald's"
3696,"Philip Morris"
3697,"Takata"
3698,"Yahoo"
3699,"Volkswagen"
3700,"Lehman Brothers"
3701,"Uber"
3702,"Amazon"
3703,"Takata"
3704,"Nestle"
3705,"Google"
3706,"Yahoo"
3707,"Goldman Sachs"
3708,"Amazon"
3709,"Blackwater"
3710,"Takata"
3711,"Halliburton"
3712,"Yahoo"
3713,"Uber"
3714,"Uber"
3715,"Volkswagen"
3716,"Facebook"
3717,"Blackwater"
3718,"ExxonMobil"
3719,"Takata"
3720,"Nestle"
3721,"Amazon"
3722,"Lehman Brothers"
3723,"Google"
3724,"Philip Morris"
3725,"Google"
3726,"Walmart"
3727,"BP"
3728,"Walmart"
3729,"Equifax"
3730,"Philip Morris"
3731,"BP"
3732,"Halliburton"
3733,"Nestle"
3734,"Halliburton"
3735,"ExxonMobil"
